texto,categoria,urgencia,etiquetador,origen
¡Se inunda el #hospital! En San Andrés Tuxtla se colapsó el techo por las fuertes #lluvias y el agua en cascada cayó sobre los #pacientes.,persona_en_riesgo,alta,ricardo,real
¡URGENTE! Deslave en entrada a Fracc. Las Fuentes #Xalapa impide paso; coches derrapan. Peligro de accidentes.,deslave,media,ricardo,real
"18 alumnos se lesionaron tras desplomarse las gradas durante la foto de graduación de la Facultad de Derecho de la Universidad Veracruzana en #Xalapa, #Veracruz",persona_en_riesgo,alta,ricardo,real
A la altura de la Col 21 de Marzo hay un bloqueo....tome sus precauciones #Xalapa,otro,baja,ricardo,real
"A un costado de la avenida Lázaro Cárdenas, cerca de la SEV, se reblandeció la tierra y poste cayó.",caida_poste_cable,media,ricardo,real
Acaba de explotar un transformador en Fraccionamiento Casas Ponti en el puerto de Veracruz.,caida_poste_cable,media,ricardo,real
Accidente de tráiler sobre la carretera federal La #Tinaja–#Coatzacoalcos,otro,baja,ricardo,real
"Accidente sobre la autopista Puebla-Orizaba a la altura del km 230 aprox, pasando tramo de deslave con dirección a Puebla.",deslave,media,ricardo,real
Adulto mayor fall3c3 tras sufrir un accidente mientras conducía en #Xalapa,otro,baja,ricardo,real
Aguas con un cable caído a la mitad de la calle en Madero,caida_poste_cable,alta,ricardo,real
"Alamo Veracruz está bajo el agua, mi familia está ahí!",persona_en_riesgo,alta,ricardo,real
Apagón general de energía eléctrica en todo tierra blanca y parte de la cuenta de Papaloapan debido a una falla en las líneas y se espera estar un par de horas más con los esfuerzos de la comicion federal de electricidad para restablecerla,otro,baja,ricardo,real
"Apoyo TRANSFORMADOR EXPLOTÓ, en Guadalupe Victoria, entre Carlos Cruz y Juan Soto, Col. Centro, VERACRUZ, VER",caida_poste_cable,media,ricardo,real
"Asaltaron una farmacia ubicada en avenida de la República en la zona de Agua Santa 2, en #Xalapa.",otro,baja,ricardo,real
Atención #Xalapa! Deslave en la carretera Xalapa-Coatepec causa cierres y tráfico intenso.,deslave,media,ricardo,real
Auto volcó tras pegarle al muro de contención en autopista de #Xalapa-#Veracruz.,otro,media,ricardo,real
Automóvil se impacta con poste en M. Alemán y Juan Enríquez se recomienda evitar la zona por calle bloqueada.,caida_poste_cable,media,ricardo,real
Auxilio Auxilio fui agredida aqui en veracruz ocupo apoyo,persona_en_riesgo,alta,ricardo,real
"AUXILIO INMEDIATO! Familias en Álamo Temapache, Veracruz, atrapadas. El agua rebasa segundos pisos.",persona_en_riesgo,alta,ricardo,real
Baches muy peligrosos bajo el puente de geovillas del puerto...impiden el acceso al acotamiento. Para bajar o subir del transporte urbano.,otro,baja,ricardo,real
"Buen día, gobernadora puede mandar ayuda de rescate a los conductores de la central camioneta de poza rica están atrapados en los pisos superiores de los dormitorios y no pueden salir",persona_en_riesgo,alta,ricardo,real
"Buenas tardes reporto cable caido en la calle Luis J. Jiménez casi esquina Federico Froebel Col. Del Maestro Xalapa, Veracruz.",caida_poste_cable,media,ricardo,real
"Cable de luz energizado y suelto en calle 4 entre Sánchez Tagle y Echeven #727, #Veracruz.",caida_poste_cable,alta,ricardo,real
"Cae la barda del salón de eventos 'Los Encinos', en Ceiba esquina Tulipanes, colonia UNE PRI, #Xalapa.",dano_estructural,media,ricardo,real
"Caída de poste en la carretera 180 #Cardel - #PozaRica tramo #VegaDeAlatorre - #Naulta, como referencia a la altura de Barra de Palmas.",caida_poste_cable,media,ricardo,real
"Camión se atoró con cables y está por caer el poste de CFE, hay daños en eltransformador y quedan vulnerables los vecinos, en Velázquez de la Cadena entre Guerrero y Allende, en #Veracruz",caida_poste_cable,alta,ricardo,real
"Camión se queda sin gasolina y sin frenos, impacta poste y vivienda en Colonia Lombardo",dano_estructural,media,ricardo,real
Camioneta con placas del estado de Veracruz chocó contra poste de CFE en el Barrio de Xoloateno frente a la nueva gasolineria en Teziutlán,caida_poste_cable,media,ricardo,real
Camioneta de supermercado deriibó poste en colonia Altamira de Xalapa.,caida_poste_cable,media,ricardo,real
Camioneta volcó al chocar contra poste en la carretera Xalapa - Totutla a la altura de La Laja (Tlaltetela).,caida_poste_cable,media,ricardo,real
Caos en la autopista Puebla-Orizaba por cierre total tras el derrumbe en las Cumbres de Maltrata,deslave,media,ricardo,real
Carro en llamas sobre autopista Cardel-Veracruz.,incendio,media,ricardo,real
"Choca tractocamión en las cumbres de #Maltrata, cierran circulación hacia Mendoza",caida_poste_cable,baja,ricardo,real
"Chofer choca contra un poste y huye del lugar, sucedió en Fracc. Puente Moreno, cerca de las oficinas de la procuraduría.",caida_poste_cable,baja,ricardo,real
"Choque de auto contra poste deja vehículos dañados y hay un hombre herido, en #Xalapa.",persona_en_riesgo,alta,ricardo,real
"Choque de auto contra poste deja vehículos dañados y un hombre herido, en #Xalapa.",persona_en_riesgo,alta,ricardo,real
"Cierre de vialidad, por derrumbe, sobre la Carretera Xalapa-Naolinco, a la altura de la desviación a El Zacatal, en la Localidad El Órgano.",deslave,media,ricardo,real
Cierre en la autopista #Puebla-#Veracruz por deslave en Cumbres de Maltrata,deslave,media,ricardo,real
Cierre total en la carretera #Orizaba-#Tehuacán por fuerte accidente vial,otro,media,ricardo,real
"Cierre total por deslave de talud en km 231 autopista Puebla - Orizaba, dirección Puebla. Alternativa: km 263, desvío a Carretera libre, a la altura de Nogales.",deslave,media,ricardo,real
Colapsa poste de voladores de Papantla al norte de   #Veracruz; caen de 10 metros de altura,caida_poste_cable,alta,ricardo,real
CONDUCTOR CAE EN ZANJA DE OBRA ABANDONADA DESDE HACE 8 MESES EN PALMA REAL,otro,alta,ricardo,real
"Un hombre perdió la vida la madrugada de este sábado en Coatzacoalcos, tras ser arrastrado por una corriente pluvial.",inundacion,baja,ricardo,real
Derrumbe en la carretera Orizaba-Zongolica bloquea impide acceso a la sierra,deslave,media,ricardo,real
"Derrumbe en la colonia Santa Rosa, en #Xalapa.",deslave,media,ricardo,real
"Derrumbe en la zona del deslave de #CumbresDeMaltrata km 231, el operador de la maquinaria resultó lesionado.",persona_en_riesgo,alta,ricardo,real
"Derrumbe y socavón en la carretera de Chiltoyac, informando Comunicación Social de Xalapa.",deslave,media,ricardo,real
DESCARRILAMIENTO EN CÓRDOBA DEJA MILES DE TONELADAS EN EL SUELO,otro,media,ricardo,real
Deslave afecta la vialidad de manera parcial en la carretera #Atzalan - #Tlapacoyan la altura de Arroyo Colorado.,deslave,media,ricardo,real
"Deslave en ""Casas del Bienestar"" de Veracruz expone presuntas fallas en la construcción",deslave,baja,ricardo,real
"Deslave en el Fraccionamiento Valle Real en #Xalapa, producto de las intensas lluvias presentadas en el estado de #Veracruz  por los remanentes del sistema #Erick",deslave,media,ricardo,real
"Deslave provocó el cierre total de la circulación cerca del km 000+700 de la carretera La Tinaja–Cosoleacaque, afectando el paso hacia el sureste del país.",deslave,media,ricardo,real
Dos adultos mayores quedaron atrapados dentro de un elevador en el hospital de alta especialidad del ISSSTE en Veracruz,persona_en_riesgo,alta,ricardo,real
"Dos ancianos se resguardan en un auto maceta en la avenida J. B. Lobos, a un costado de Panadería Especial. A su casa se le voló el techo de lamina",persona_en_riesgo,alta,ricardo,real
"Dos personas murieron en #Xalapa debido a un deslave en la colonia Luis Donaldo Colosio, provocado por las lluvias que dejó el huracán Katia",persona_en_riesgo,baja,ricardo,real
"El basurero a cielo abierto de Veracruz que se está incendiando y con los vientos del norte, está afectando la ciudad de #Veracruz",incendio,media,ricardo,real
El canal de aguas negras que circula sobre la carretera #Xalapa - #Veracruz a la altura de Plaza Animas se desbordó,inundacion,media,ricardo,real
El nivel del Río cazones sigue subiendo,inundacion,media,ricardo,real
"El río La Palma se desbordó en Catemaco, Veracruz, afectando 15 viviendas",otro,media,ricardo,real
Empleados de limpia pública golpean a una persona en Xalapa.,otro,media,ricardo,real
"En este momento está bloqueada la autopista Minatitlán - Acayucan, a la altura del Km 24 , en el municipio de Jáltipan.",otro,media,ricardo,real
"En la carretera Xalapa dirección  a Coatepec hay un deslave antes de llegar a la Plaza Orquídeas, que inhabilita uno de los carriles",deslave,media,ricardo,real
"En la colonia  21 de abril (calle 1) veracruz, ver. estamos sin luz nuevamente @CFEmx  hace caso omiso a cambiar ese transformador, por favor  @televertv ayuda!!",otro,media,ricardo,real
"En la colonia 27 de septiembre en Veracruz, se desbordó una chapopotera en la calle Guadalupe Victoria y soltó petróleo crudo",otro,media,ricardo,real
"En la entrada de la colonia Las Fuentes, en #Xalapa, un taxi quedó atorado en la corriente de agua que lo cubría casi en su totalidad.",persona_en_riesgo,alta,ricardo,real
"En la escuela Adalberto Tejeda, en la avenida México, en #Xalapa se cayó la barda y el plantel quedó completamente inundado. #ChécaloEnAlCalor",dano_estructural,alta,ricardo,real
En San Andrés Tuxtla se colapsó el techo por las fuertes #lluvias y el agua en cascada cayó sobre los #pacientes.,persona_en_riesgo,alta,ricardo,real
Escuchamos una fuerte explosión de tranformador en rebsamen y nos dejó sin luz a toda la avenida,caida_poste_cable,media,ricardo,real
"Esta horrible!! El aire horrible, solo se escucha como caen cosas, desde mi ventana acabo de ver como se voló el techo de mi vecino",dano_estructural,media,ricardo,real
Existe algún derrumbe o incidente en carretera Xalapa a Fortín?,otro,baja,ricardo,real
"Explosión registrada durante la celebración de las fiestas patronales de la comunidad de Los Trapiches, en Misantla.",otro,media,ricardo,real
Explotó un transformador de la CFE  en Belisario Domínguez entre Barragán y J.Herrera.,caida_poste_cable,media,ricardo,real
"Fallece el ciudadano tras 38 días de protesta pacífica en Plaza Lerdo de Xalapa, Veracruz",otro,baja,ricardo,real
"Falleció mujer tras caer de un tercer piso en la colonia Los Puentes, de #Xalapa.",otro,baja,ricardo,real
Falleció un motociclista al caerle poste de la CFE Veracruz,caida_poste_cable,baja,ricardo,real
"Fuego en edificio alarma a vecinos de la colonia Guadalupe Rodríguez, en Xalapa.",incendio,alta,ricardo,real
Fuego junto a las vías del tren en Xalapa,incendio,media,ricardo,real
HALLAN CUATRO CUERPOS D€CAPIT4DOS EN SAYULA DE ALEMÁN,otro,baja,ricardo,real
Hay cables colgando en Rayón casi Francisco I. Madero del puerto de Veracruz.,caida_poste_cable,media,ricardo,real
Hay un barco incendiandose en el puerto de veracruz?regando combustible ya el mar se prendió y no lo pueden controlar,incendio,alta,ricardo,real
"Hay un derrumbe en la carretera antigua Xalapa-Coatepec, metros antes de la entrada a Las Hayas.",deslave,media,ricardo,real
"Hay un fuerte incendio en la calle Melchor Ocampo de San Andrés Tuxtla, Veracruz, México",incendio,media,ricardo,real
"Hay una joven lesionada tras sufrir un descalabro al no ser atrapada luego de ser lanzada al aire durante los festejos por la Selección Mexicana en Xalapa, Veracruz.",otro,baja,ricardo,real
"Hay una persona fallecida dentro de un domicilio en la calle Independencia, junto a la Quinta de Las Rosas, en #Xalapa.",otro,baja,ricardo,real
Guardavidas evita una tragedia al retirar tanque de gas durante incendio en #PlayaRegatas,incendio,baja,ricardo,real
"Hubo deslaves y obstrucción de avenidas y calles. En la colonia 21 de marzo, también en #Xalapa, hubo un deslave, murió una niña de 7 años. #Grace",deslave,media,ricardo,real
Hubo un derrumbe en el Pico de Orizaba y hay un fallecido que iba en el grupo de mi papá,persona_en_riesgo,alta,ricardo,real
Indigente de 75 años muerto en la colonia El Moral en Xalapa,otro,baja,ricardo,real
Inundación en colonia Constitución en El Sumidero #Xalapa #PlanTajin,inundacion,media,ricardo,real
"Inundación en la avenida Ejercito y Urano, en Boca del Río, a la altura de la plaza Las Palmas",inundacion,media,ricardo,real
"Inundación en Lázaro Cárdenas a la altura de la Hernández Castillo en #Xalapa, algunos vehículos quedaron atrapados",persona_en_riesgo,alta,ricardo,real
"Inundada totalmente la carretera federal México-Veracruz,  a la altura de la Unidad Deportiva de Calpulalpan.  No hay paso",inundacion,media,ricardo,real
Joven agredida en la Av. Allende de #Veracruz pide ayuda en redes para ubicar a la mujer que la golpeó en la cara y casi la deja ciega.,otro,baja,ricardo,real
La autopista Puebla-Veracruz a la altura de las Cumbres de Maltrata sigue cerrada en dirección a la Ciudad de México debido a un deslave,deslave,media,ricardo,real
La carretera a Veracruz está inundada a la altura de las Ánimas en Xalapa,inundacion,media,ricardo,real
"La carretera federal #Fortín-#Huatusco se encuentra completamente cerrada luego de que un vehículo chocara contra un poste, el cual quedó atravesado en ambos carriles.",caida_poste_cable,media,ricardo,real
La zona debajo del puente cerca de Plaza El Dorado está inundada.,inundacion,media,ricardo,real
Las fuertes lluvias provocaron el colapso de la carretera que conecta a Veracruz con Chiapas.,dano_estructural,media,ricardo,real
Le pedí ayuda a alguien porque mi casa está inundada y le valió verga. Ojalá ustedes puedan ayudarme.,inundacion,alta,ricardo,real
LLUVIA DEJA 31 MUERTOS Y POZA RICA INUNDADA EN VERACRUZ,inundacion,media,ricardo,real
Mande atender deslave grave en la carretera Coatepec-Xalapa antes de que surja un socavón con toque “jarocho”,deslave,media,ricardo,real
"Masacran a familia en #Tecolutla #Veracruz, hay un niño de 8 años muerto, su mamá de 46, su hermana de 13 y su hermano de 15 resultan heridos de gravedad #Xalapa #CDMX #BocaDelRio @CiroGomezL",persona_en_riesgo,alta,ricardo,real
MATARON A UNA MUJER EN EL CENTRO DE COATEPEC,otro,baja,ricardo,real
Me pueden apoyar con costales de arena para evitar que se meta el agua a mi casa,inundacion,media,ricardo,real
"Mi hermano esta atrapado en el techo del hotel fiestInn en Poza rica , es de la CDMX y trabajador de Coppel. El agua sigue subiendo de nivel. Ayudenme a difundir por favor.",persona_en_riesgo,alta,ricardo,real
Mi vivienda se prendió en llamas en la colonia Emiliano Zapata,incendio,alta,ricardo,real
Motociclista repartidor de pizza fallecido en Torrentes Aeropuerto tras volarse un tope e impactar contra poste,caida_poste_cable,baja,ricardo,real
Movilización policiaca en Poza Rica tras reporte de desaparición de una joven,otro,baja,ricardo,real
"N1ñ4 quedó atrapada en el auto porque su papá fue 3jecut4d0 a bal4z0s justo frente al Palacio Municipal de #Cosamaloapan, en #Veracruz",persona_en_riesgo,alta,ricardo,real
"No hay paso en la autopista en el tramo #LaTinaja a #Cosoleacaque al sur de #Veracruz. Se desbordó el río La unión, incluso algunos trailers quedaron varados",inundacion,media,ricardo,real
No hay paso hacia #Coacotzintla ya que se desbordó el río ala altura del #Aguacate derivado del #HuracánGrace precauciones @Reporte_Indigo @CapitalMexico @EfektoTv@RdoCapital,inundacion,media,ricardo,real
Nos ayudan con un poste caído en Icazo y Constituyentes.,caida_poste_cable,media,ricardo,real
Pasando la caseta de plan del Río dirección norte se está incendiando un coche,incendio,media,ricardo,real
Patrulla de la Policía Estatal choca con vehículo particular en #Córdoba,otro,media,ricardo,real
"Por deslave, unidades quedan varadas en el puente ubicado en el kilómetro 13.5, frente a la Nueva Aduana del puerto de Veracruz.",deslave,media,ricardo,real
Por favor bomberos en la autopista Córdoba veracruz entre la kenworth y la salida de San Miguelito un trailer choco y se está incendiando se ve desde mi casa,incendio,media,ricardo,real
Porsche provoca carambola y deja varios vehículos dañados en #Cuauhtémoc,otro,media,ricardo,real
"Poste caído en Ejército Mexicano viniendo de plaza Las Américas en Boca del Río, Veracruz antes del mercado de La Boticaria.",caida_poste_cable,media,ricardo,real
"Poste caído en Icazo y Constituyentes, se recomienda evitar la zona y tomar vías alternas.",caida_poste_cable,media,ricardo,real
Poste de #Telmex a punto de caer sobre avenida Veracruz de norte a sur por donde empieza Laguna de Los Lagartos.,caida_poste_cable,media,ricardo,real
Poste de alta tensión a punto de colapsar en Paseo del Halcón esquina Kiwi de la Reserva Tarimoya 1. En la ciudad de #Veracruz,caida_poste_cable,media,ricardo,real
"Poste de CFE a punto de caer, en carretera Veracruz-Xalapa a la altura de la Fiscalía.",caida_poste_cable,media,ricardo,real
"Poste de cfe, caído en calle Av. Ignacio Zaragoza, en Coatzacoalcos",caida_poste_cable,media,ricardo,real
"Poste de energía eléctrica a punto de caer en calle Alfa y Omega esquina Retorno 2, Infonavit Buenavista en la  ciudad de #Veracruz.",caida_poste_cable,media,ricardo,real
"Poste de luz a punto de caer en cruce de la Calle 20 y Calle 33 en colonia Carranza en Boca del Río, Veracruz.",caida_poste_cable,media,ricardo,real
"Precaución rumbo a Santa Rosa, poste caído por la lluvia de esta tarde.",caida_poste_cable,media,ricardo,real
"Precaución, derrumbe en la carretera antigua Xalapa-Coatepec, metros antes de la entrada a Las Hayas.",deslave,media,ricardo,real
Presencia de Hidrocarburo en el municipio de #VegadeAlatorre #Veracruz en las playas de Higueras,otro,media,ricardo,real
Quiero reportar a los tránsitos de sayula que dicen que la licencia digital no sirve pa traer un carro particular y es corralón,otro,baja,ricardo,real
R3ST0S HUM4N0S cerca del campo “Óscar Torres Pancardo”.,otro,baja,ricardo,real
Reportan explosión de transformador atrás de la USBI dejando sin luz  a toda esa zona. @CFEmx #Xalapa #Veracruz,caida_poste_cable,media,ricardo,real
Requerimos apoyo para que se actúe rápido ante deslave en carretera Xalapa-Naolinco Ver #Frankiln,deslave,media,ricardo,real
Sabrán si algo pasó el carretera Mexico-Veracruz hacia Veracruz? El tráfico esta completamente detenido. Xfa,otro,baja,ricardo,real
Se cayó la barda de Geo Los Pinos 2 en la zona de las canchas.,dano_estructural,media,ricardo,real
"Se cayó un poste de telmex y otro está por caer esta en Calzada Veracruz y Calle Yucatán, Col San Bartolo.",caida_poste_cable,media,ricardo,real
Se derrumbó cerro Petlacala en carretera de San Andrés Tenejapan.,deslave,media,ricardo,real
"SE DESBORDA RÍO. Esta tarde a causa de las fuertes lluvias, se desbordó el río #Orizaba en #Veracruz, por lo que impidió el paso tanto a los transeúntes como a los vehículos.",inundacion,media,ricardo,real
"Se desbordó el río Bobos, ocasionando que el agua inundara diversas calles.",inundacion,media,ricardo,real
"Se desbordó el río Carneros en la zona de San Bruno, en Xalapa",inundacion,media,ricardo,real
Se desbordó el río La Union y durante algunas horas estuvo cerrado.,inundacion,baja,ricardo,real
Se desbordó el río Cazones. El agua afecta a varias localidades.,inundacion,media,ricardo,real
Se desplomó un jet de la Fuerza Aérea en  #Veracruz- #México y dejó 6 oficiales muertos.,otro,baja,ricardo,real
Se escuchó como tronó un transformador en la Col. Cazones de Poza Rica y se fue la luz.,caida_poste_cable,media,ricardo,real
Se está incendiando camión al lado del Fraccionamiento Dreams Lagoons en carretera federal puerto de Veracruz - Xalapa,incendio,media,ricardo,real
Se está incendiando mi vivienda en colonia José Vasconcelos de Xalapa.,incendio,alta,ricardo,real
Se está incendiando tráiler en la autopista Xalapa-Perote tráfico parado.,incendio,media,ricardo,real
"Se está incendiando un camión urbano en un fraccionamiento en Boca del Río, Veracruz",incendio,media,ricardo,real
"Se está incendiando un vehículo en la carretera Xalapa-Veracruz, a la altura de Corral Falso, en Emiliano Zapata,",incendio,media,ricardo,real
Se está incendiando una camioneta en Avenida Américas a la altura de niños héroes #Xalapa,incendio,media,ricardo,real
Se está incendiando una casa en la avenida Araucarias #Xalapa,incendio,alta,ricardo,real
Se esta quemando transformador en colonia La Patria pegada al Renacimiento al norte de la ciudad y puerto de Veracruz.,caida_poste_cable,media,ricardo,real
"Se incendia poste en Ejercito Mexicano a la altura de la #CocaCola en Boca del Río, Veracruz",caida_poste_cable,media,ricardo,real
"Se incendió un camión urbano en un fraccionamiento en Boca del Río, Veracruz",incendio,baja,ricardo,real
"Se incendió un poste en la Avenida Ejército Mexicano, en Boca del Río, Veracruz.",caida_poste_cable,baja,ricardo,real
Se prendió el cerro en Papantla veracruz,incendio,media,ricardo,real
"Se registró un deslave en el cerro El Arenal, ubicado en la carretera a Teocelo, en #Veracruz.",deslave,media,ricardo,real
"Se solicita el apoyo de la ciudadanía para la localización de los sujetos que se muestran en el video, quienes ingresaron a un establecimiento el dia 14 de junio del presente año en Misantla Veracruz.",otro,baja,ricardo,real
"Se ve que es una manzana inundada, no varios municipios, y aún se ven los coches, en Veracruz llegó a la mitad del segundo piso",inundacion,baja,ricardo,real
"Señora de 51 años falleció al sufrir un infarto cuando caminaba rumbo a su casa; se desvaneció repentinamente, aunque los vecinos pidieron auxilio, ya no contaba con signos vitales",otro,baja,ricardo,real
Solicito apoyo de bomberos urgente en el kilómetro 294 con dirección Veracruz que entren en sentido contrario del trébol de Amatlán se está incendiando un autobús,incendio,alta,ricardo,real
"Taxi #20 de Rincónada se sale de la Carretera, derivado de los baches y el mal estado de la carretera",otro,media,ricardo,real
Taxi se cayó desde puente “joroba”; una mujer está atrapada,persona_en_riesgo,alta,ricardo,real
"Trabajadores de una empresa de cable provocaron el incendio de un poste en Arco Sur, en #Xalapa.",incendio,media,ricardo,real
Tráiler se está incendiando en la pista a Perote a la altura de Tlacolulan,incendio,media,ricardo,real
Tráiler se prendió en llamas tras volcar en la autopista #Perote-#Xalapa a la altura de Linderos,incendio,media,ricardo,real
Trailero embiste Nissan Tsuru contra  camioneta de carga.,otro,media,ricardo,real
Transformador de alta tensión con cables expuestos se encuentra en el callejón JJ Herrera en el #centrohistorico de  la ciudad de #Veracruz vecinos piden reparación,caida_poste_cable,media,ricardo,real
"Tras el paso de los fenómenos #Raymond y #Priscila en Poza Rica, #Veracruz, dos adultos mayores quedaron atrapados en la inundación.",persona_en_riesgo,alta,ricardo,real
"Tras la fuerte lluvia registrada esta tarde se desbordó Río Verde, localizado entre San José Acateno, Puebla y Tlapacoyan, Veracruz",inundacion,media,ricardo,real
"Tras la tormenta de esta tarde en Xalapa, un deslave de tierra afectó la calle 3 en la colonia El Sumidero.",deslave,media,ricardo,real
Tres hombres quedaron atrapados por alud de tierra cuando trabajaban en una excavación en la calle Faisán de la colonia Jardines de Bambú,persona_en_riesgo,alta,ricardo,real
"Truena a las 8am transformador. Sin luz colonias Flores Magón, Moderno y algunas zonas de la Zapata: ciudad de Veracruz",caida_poste_cable,media,ricardo,real
"Un #camión de carga se está #incendiando en la #autopista #Puebla-#Orizaba, antes de la caseta de cobro de Amozoc y en los carriles con dirección a Veracruz.",incendio,media,ricardo,real
"Un accidente se registró sobre el bulevar Manuel Ávila Camacho, donde un automóvil terminó sobre la banqueta tras derribar un poste.",caida_poste_cable,media,ricardo,real
Un automóvil derribó un poste sobre la Av. Murillo Vidal a la altura del Museo Kaná en dirección a Lázaro Cárdenas,caida_poste_cable,media,ricardo,real
"Un automovilista en estado de ebriedad chocó contra un poste de la CFE en la colonia Puerto México, dejando sin energía eléctrica a la zona.",caida_poste_cable,media,ricardo,real
"Un camión de carga, perteneciente a la empresa ODS Transportes, partió por la mitad un poste de Telmex al enganchar los cables con su unidad",caida_poste_cable,media,ricardo,real
Un camión se está incendiando sobre la avenida Arco Sur a la altura de Plaza Patio #Xalapa.,incendio,media,ricardo,real
Un derrumbe por lluvias destruyó el camino al panteón municipal y dejó incomunicada a nuestra comunidad de La Quinta.,deslave,media,ricardo,real
"Un deslave dañó un ducto de @Pemex y provocó un derrame de #hidrocarburos en el río #Pantepec, en #Veracruz.",deslave,media,ricardo,real
"Un enorme camión estuvo a punto de caer a un deslave carretero a la altura del municipio Ixhuatlán del sureste, #Veracruz.",deslave,media,ricardo,real
"Un hombre perdió la vida luego de recibir una descarga eléctrica mientras realizaba labores en un poste de energía de la Comisión Federal de Electricidad (CFE) en la comunidad de Paso Ganado La Loma, en Veracruz.",otro,baja,ricardo,real
Un paracaidistas está atrapado en antena del Cerro de las Antenas,persona_en_riesgo,alta,ricardo,real
"Un severo deslave encendió las alarmas en el complejo ""Casas del Bienestar"" del puerto de Veracruz, inaugurado en febrero pasado por el Infonavit, dejando al descubierto posibles",deslave,media,ricardo,real
Las lluvias de las últimas horas en #Veracruz ocasionaron que se deslavaran calles de Bosques,deslave,media,ricardo,real
Un transformador está sacando chispas en la calle Campero y Cuauhtémoc.,caida_poste_cable,media,ricardo,real
Una camioneta repartidora se quedó sin frenos y se salió del acotamiento sobre Lazaro cardenas a a la altura de las estancias garnica con dirección a cristal. impactando a un poste  de CFE .,caida_poste_cable,media,ricardo,real
Una camioneta volcó en Lázaro Cárdenas #Xalapa con dirección a Las Trancas.,otro,media,ricardo,real
Una mujer de edad adulta cayó en una alcantarilla abierta ubicada sobre la calle 16 de septiembre entre Juárez y Madero,persona_en_riesgo,alta,ricardo,real
"Una mujer perdió la v!da tras sufrir un accidente en moto sobre Periférico, a la altura de la Privada de Húzares, en #Veracruz.",otro,baja,ricardo,real
"Una persona murió después de que se registró un deslave por las fuertes lluvias en la zona de Zacatlamanca II, en Veracruz",otro,baja,ricardo,real
Una señora y su hijo quedaron atrapados en fuerte accidente en Lázaro cárdenas un autobús de la línea interbus los golpeó al quedarse sin frenos.,persona_en_riesgo,alta,ricardo,real
Urge auxilio para 2 motociclistas accidentados en la carretera Veracruz-Xalapa a la altura de tamarindo. No hay ambulancias aún. Se ven muy mal. Ayuda @c4_ver,persona_en_riesgo,alta,ricardo,real
"Urge unidad de bomberos, se está incendiando el pastizal atrás de la escuela primaria de El Campanario.",incendio,alta,ricardo,real
"Va más de una hora que tronó un transformador en la Col. Cázares de Poza Rica, es la hora en que no contestan los teléfonos.",otro,baja,ricardo,real
"Varios vehículos quedaron atrapados en medio de las inundaciones en Xalapa, Veracruz.",persona_en_riesgo,alta,ricardo,real
Vecinos de Arboledas del Sumidero solicitan cambio de transformador a CFE ante constantes fallas eléctricas,otro,baja,ricardo,real
VialidadXalapa poste caído en la carretera xalapa- veracruz a la altura del retén,caida_poste_cable,media,ricardo,real
"Volcadura sobre la carretera Boca del Río–Córdoba, a la altura de El Mangal",otro,media,ricardo,real
"Ya bajó el agua, pero así se registraron encharcamientos en la zona conurbada de #Veracruz,",inundacion,baja,ricardo,real
"Nos dijeron que no había riesgo, que todo estaba bajo control. Hoy muchos perdimos todo, incluso a nuestros animales",otro,media,nahum,real
"Accidente en la pista México-Veracruz, sentido Veracruz, km 232+500. Un tráiler se incendia, el operador, falleció al quedar prensado y calcinado. Se recomienda tomar rutas alternas y permitir el paso a los cuerpos de emergencia. ¡Precaución!",persona_en_riesgo,alta,nahum,real
"Vehículos de carga protagonizaron fuerte accidente vehícular en Martínez de la Torre, luego de la colisión al menos 7 personas resultaron lesionadas, mismas que fueron asistidas por personal de emergencias",persona_en_riesgo,media,nahum,real
"Se descarriló el tren de pasajeros Interoceánico en el Istmo. Este domingo se descarriló el tren de pasajeros Interoceánico, a 5 kilómetros al sur de Nizanda, perteneciente a Asunción Ixtaltepec, Oaxaca. Se reportan heridos, el tren había partido de Salina Cruz, Oaxaca, y se dirigía a Coatzacoalcos, Veracruz.Unidades de emergencias se encuentran cerca de la zona, pero el difícil acceso al lugar complica las labores de rescate.",persona_en_riesgo,alta,nahum,real
"Pipa con dos contenedores de combustible volcó y explotó en la autopista México-Veracruz, a la altura del límite con Tlaxcala.",incendio,alta,nahum,real
saben si pasa algo en plaza ánimas dicen que hay muchos policias.,otro,baja,nahum,real
Ahora también atendemos tu emergencia desde la aplicación móvil Emergencias Veracruz,otro,baja,nahum,real
Vuelca automóvil en la carretera Xalapa-Veracruz a la altura del Lencero.,otro,media,nahum,real
"Se acaba de volcar un auto en la Av Paris, entre Mondavi y Villanova. Están ayudando los vecinos a sacar a los ocupantes.",persona_en_riesgo,alta,nahum,real
"Se solicita apoyo de bomberos, camioneta se incendia en Circuito Presidentes.",incendio,media,nahum,real
"Persona atropellada en Araucarias Esq Fresnos, urge ambulancia.",persona_en_riesgo,alta,nahum,real
Motociclistas accidentados a la altura de la araucaria.,persona_en_riesgo,media,nahum,real
Grave accidente en la carretera Xalapa-Laa Vigas. Precaución,otro,media,nahum,real
Hay un caballo suelto en Arco Sur. Precaución. Nos apoyan por favor con este reporte??,otro,baja,nahum,real
Accidente frente al Onofre de Cumbres. Motociclista lastimado.,persona_en_riesgo,media,nahum,real
Tránsito detenido en Lázaro Cárdenas por accidente frente a Sams,otro,baja,nahum,real
Familias sin poder volver a sus casas exigen maquinaria y limpieza inmediata. Poza Rica no puede esperar más.,otro,media,nahum,real
Fuga de gas y escombros en Álamo Temapache Álamo Temapache sigue lidiando con inundaciones y escombros. La nueva emergencia es la evacuación del ejido Flores Magón debido a una peligrosa fuga de gas en la carretera.,otro,alta,nahum,real
¡Urgente! Niño atrapado en árbol tras desbordamiento del río Cazones en Poza Rica.,persona_en_riesgo,alta,nahum,real
Poza Rica amaneció bajo el agua El Río Cazones se desbordó y miles están atrapados,persona_en_riesgo,alta,nahum,real
Terribles momentos  por el desbordamiento del río Cazones que ha inundado varias zonas de la ciudad.,inundacion,alta,nahum,real
"Un autobús de la línea ADO se incendió en la autopista Córdoba-Veracruz, km 33, en Carrillo Puerto con dirección a Veracruz. Autoridades y cuerpos de emergencia trabajan para controlar la situación.",incendio,media,nahum,real
Se incendia inmueble en avenida Díaz Mirón de Veracruz; fuego habría sido provocado,incendio,media,nahum,real
Se hunde remolcador frente a Malecón de Veracruz,otro,media,nahum,real
Chocan camioneta y ambulancia frente a la Cruz Roja de Veracruz; hay dos lesionados,persona_en_riesgo,media,nahum,real
"Fuga en medio de la calle en Palma Real, piden atenderla para evitar un socavón",otro,media,nahum,real
socavón en la colonia Zaragoza de Veracruz,dano_estructural,media,nahum,real
Se incendia autobús en la Poza Rica-Veracruz,incendio,media,nahum,real
"Socavones, inundaciones y 3 mil casas afectadas en Veracruz tras el paso del frente frío 4 y la tormenta tropical Nadine. Hasta el momento, hay una persona fallecida y otra desaparecida.",persona_en_riesgo,alta,nahum,real
"Se escucha una fuerte balacera, pero… ¡No es Culiacán, es Tuxpan! Veracruz vive momentos de incertidumbre y caos",otro,alta,nahum,real
"Bloqueo e incendio de vehículos en carretera federal Tepetzintla-Tantoyucan, altura de San Sebastián, Veracruz. Autoridades en la escena investigando.",incendio,alta,nahum,real
Una Avioneta aterriza de Emergencia en la autopista Tuxpan-Veracruz. Los pasajeros resultaron ilesos.,otro,baja,nahum,real
"Aparece sin vida el cuerpo de un niño de 11 años de edad, se encontraba desaparecido desde este martes. El cuerpo del pequeño se encontró en la calle Nazareth de la colonia aviación de LasChoapas, envuelto en sabanas y embolsado.",persona_en_riesgo,alta,nahum,real
Múltiples heridos y varios muertos por explosión en complejo de Pemex en Coatzacoalcos Veracruz,persona_en_riesgo,alta,nahum,real
Lluvias provocan desbordamiento de río en este municipio de Veracruz; hay 60 viviendas afectadas por inundación,inundacion,media,nahum,real
"VORAZ INCENDIO CONSUME INMUEBLE | Los rescatistas iniciaron las maniobras de combate al fuego, mientras trabajaban para contener el avance de las llamas y evitar que se propagaran a viviendas cercanas.",incendio,media,nahum,real
Reportan severos daños en el desarrollo de Viviendas para el Bienestar en Veracruz tras intensas lluvias que ocasionaron un deslave. El complejo fue inaugurado en enero pasado. Se activó el Plan DN-III para auxiliar a los afectados.,deslave,media,nahum,real
¡Las lluvias pegaron fuerte! Un deslave dañó Viviendas del Bienestar en Veracruz,deslave,media,nahum,real
Las lluvias provocaron daños en las Casas del Bienestar en Veracruz.Banquetas y calles quedaron severamente afectadas apenas seis meses después de su inauguración.,deslave,media,nahum,real
Algo salió mal aquí y hay bastantes daños en estas CASAS DEL BIENESTAR que están construyendo en la zona norte de Veracruz,dano_estructural,media,nahum,real
¡ATENCIÓN! Las intensas LLUVIAS provocaron la CRECIDA de este río en Veracruz  y CIERRE TOTAL,inundacion,media,nahum,real
Las intensas lluvias de las últimas horas en diversas regiones de Veracruz dejaron inundaciones y deslaves con crecida de ríos y arroyos.,inundacion,media,nahum,real
Choque en el bulevar Córdoba–Fortín deja una persona lesionada,persona_en_riesgo,media,nahum,real
"En este momento se registra un incendio de pastizal en las inmediaciones del fraccionamiento Valle Alto, al poniente de la ciudad de Veracruz. Con las ráfagas de aire, este se está expandiendo por lo que vecinos piden ayuda para controlarlo y apagarlo.",incendio,media,nahum,real
CAOS EN DÍAZ MIRÓN: CHOQUE TERMINA CONTRA TRANSFORMADOR DE CFE  Y DEJA DOS HERIDOS,persona_en_riesgo,media,nahum,real
Patrulla y motocicleta chocan en Boca del Río; pareja resulta lesionada,persona_en_riesgo,media,nahum,real
INCENDIO CONSUME DOS HABITACIONES EN VIVIENDA DE RÍO MEDIO; SOLO SE REPORTAN DAÑOS MATERIALES,incendio,baja,nahum,real
𝗗𝗢𝗦 𝗠𝗘𝗡𝗢𝗥𝗘𝗦 𝗥𝗘𝗦𝗨𝗟𝗧𝗔𝗡 𝗟𝗘𝗦𝗜𝗢𝗡𝗔𝗗𝗢𝗦 𝗧𝗥𝗔𝗦 𝗗𝗘𝗥𝗥𝗔𝗣𝗘 𝗘𝗡 𝗟𝗔𝗦 𝗩𝗜𝗚𝗔𝗦,persona_en_riesgo,alta,nahum,real
CAMIÓN URBANO ATROPELLA A MUJER DE 50 AÑOS QUE PERMANECE DELICADA,persona_en_riesgo,alta,nahum,real
HOMBRE LESIONADO TRAS CONVULSIONAR CERCA DE LAS VÍAS DEL TREN EN FORTÍN,persona_en_riesgo,media,nahum,real
"MUJER MOTOCICLISTA DERRAPA EN LA CARRETERA VERACRUZ–XALAPA, A LA ALTURA DE LAS AMAPOLAS",persona_en_riesgo,media,nahum,real
CAMIONETA SE ATRAVIESA Y PROVOCA ACCIDENTE; MADRE E HIJA LESIONADAS,persona_en_riesgo,alta,nahum,real
𝑪𝑶𝑳𝑰𝑺𝑰𝑶́𝑵 𝑭𝑹𝑶𝑵𝑻𝑨𝑳 𝑬𝑵 𝑳𝑨 𝑭𝑬𝑫𝑬𝑹𝑨𝑳 140 𝑫𝑬𝑱𝑨 𝑫𝑶𝑺 𝑯𝑬𝑹𝑰𝑫𝑶𝑺,persona_en_riesgo,alta,nahum,real
Dos personas que viajaban en la moto resultaron lesionadas y requirieron atención de los cuerpos de emergencia que arribaron al punto.,persona_en_riesgo,alta,nahum,real
CAMIÓN FUERA DE CONTROL EN AVENIDA CUAUHTÉMOC: UNA DISTRACCIÓN AL VOLANTE DESATA CAOS FRENTE A LA POLICÍA NAVAL Y DEJA VARIOS PASAJEROS LESIONADOS,persona_en_riesgo,alta,nahum,real
Adulto mayor pierde la vida al volante y su camioneta termina impactada contra una vivienda en Xalapa,persona_en_riesgo,alta,nahum,real
"¡Inundación en vivienda! Reportan persistente inundación en un domicilio de la colonia Lomas San Miguel, cerca del penal. Debido a una coladera tapada, el agua ingresó a la sala. Los habitantes requieren apoyo de las autoridades correspondientes.",inundacion,alta,nahum,real
¡Se desborda el río Tolome! Intensas lluvias provocan afectaciones en Veracruz,inundacion,media,nahum,real
CHOQUE FRONTAL ENTRE TAXI Y AUTO PARTICULAR DEJA TRES LESIONADOS EN FORTÍN,persona_en_riesgo,alta,nahum,real
¡Tráiler termina volcado en la autopista 150D! Cierre parcial provoca caos vial rumbo a Córdoba,otro,media,nahum,real
Enjambre de abejas ataca a pareja de adultos mayores en San Andrés Tuxtla; ambos fueron hospitalizados,persona_en_riesgo,alta,nahum,real
Vuelca camioneta de pasajeros y todos sobreviven,otro,media,nahum,real
"El temporal lluvioso seguirá afectando a Veracruz con lluvias intensas, tormentas eléctricas y posible granizo. Autoridades alertan por riesgo de inundaciones, deslaves y crecida de ríos, por lo que piden extremar precauciones.",otro,baja,nahum,real
Atiende Gobierno de Veracruz incidencias por lluvias y refuerza prevención,otro,baja,nahum,real
Reportan 4T4QU3 4RM4D0 frente a restaurante en Veracruz,otro,alta,nahum,real
"Autopista Córdoba - Veracruz, km 7, dirección Córdoba. El incidente ha sido atendido. Tramo opera de manera normal. Maneja con precaución.",incendio,media,nahum,real
Incendio en subestación de CFE en Veracruz,incendio,media,nahum,real
Encuentran hombre S1N V1D4 en lote baldío del centro de Veracruz,persona_en_riesgo,alta,nahum,real
"Les hago llegar el reporte de un hundimiento que se encuentra en la esquina de las calles Netzahuacoyotl y Arista, en la colonia Centro. Esta situación representa un peligro para vecinos y automovilistas que pasan por la zona, ya nosotros como vecinos colocamos ramas, palos y bolsas alrededor del socavón para señalizarlo y evitar que alguna persona pueda sufrir un accidente.",dano_estructural,media,nahum,real
"Ayuda comunitaria: persona de la tercera edad en oficinas de tránsito de Boca del Río. Quiere avisar a familiares que está bien. Busca contactar a su hija, el número de contacto no funciona.",otro,baja,nahum,real
"Vecinos del Fraccionamiento Lomas de Río Medio Tres, alertan que sobre la avenida Río Era, dentro de la cochera de un domicilio hay un perro f@llEc!d0 que esta @m@rr@d0 con una cuerda. Los reportes informan que ya al menos cuatro personas han tocado a la puerta para alertar a los inquilinos, pero estos no salen. Muchas personas piden ayuda.",otro,media,nahum,real
Tragedia en Veracruz: un hombre murió electrocutado al tocar un cable de alta tensión que llevaba días colgando Vecinos piden atención urgente de autoridades.,persona_en_riesgo,alta,nahum,real
Movilización de los cuerpos de emergencia en el puente Miguel Alemán por un hombre que intenta arr0j4rs£; hay cierre de vialidades,persona_en_riesgo,alta,nahum,real
Vecinos de la colonia Lomas la conquista Clara Córdoba al norponiente de la ciudad reportan que se está incendiando una casa y piden apoyo de Bomberos ya que tratan de sofocar las llamas con paladas de tierra,incendio,alta,nahum,real
"Nuevamente gente irresponsable prendió fuego a basura acumulada en el paso de ganado (antiguo túnel) del puente Divertiplaza, en fraccionamiento Del Norte. El fuego empieza a expandirse y podría llegar a cables y postes de telefonía y de televisión por cable.",incendio,media,nahum,real
"Se registra incendio en una bodega de la calle Oriente 3 y Norte 8 de la colonia artículo 123 en Veracruz. Intensa movilización de de Bomberos Conurbados, Protección Civil y policías en la zona.",incendio,media,nahum,real
"Se acaba de caer parte del techo del nuevo mercado de artesanías aquí en el malecón, aún no llegan las autoridades y afortunadamente no hubo lesionados.",dano_estructural,baja,nahum,real
Incendio en Veracruz en este momento. Se presume combustible. Se recomienda alejarse de la zona. Solo equipos de emergencia y voluntarios con equipo.,incendio,media,nahum,real
Se incendia una casa en Dos Bahías y Viento Maestral de la colonia Astilleros en Veracruz. Ciudadanos intentan apagar el fuego mientras cuerpos de auxilio se movilizan al lugar.,incendio,media,nahum,real
Incendio de pastizal y basura en las inmediaciones de Mandinga se registró alrededor de las 8:00 de la mañana de hoy en la Riviera Veracruzana.,incendio,media,nahum,real
"Explosión de pipa provoca cierre total en la México-Veracruz Una fuerte explosión e incendio de una pipa se registró sobre la carretera federal México-Veracruz, a la altura de Hueyotlipan, provocando el cierre total de la circulación con dirección a Calpulalpan y una intensa movilización de cuerpos de emergencia.",incendio,alta,nahum,real
"Vecinos reportan que se incendió un transformador frente a la taquería Los Weros en JB Lobos,  de El Coyol, tras una descarga eléctrica en la zona conurbada. Solicitan el apoyo de las autoridades ya que los vecinos se encuentran tratando de controlar el siniestro",caida_poste_cable,media,nahum,real
"Fuerte Accidente en la carretera federal Santa Fe _ Vargas frente a la cervecera,Deja dos personas lesionadas",persona_en_riesgo,alta,nahum,real
Un auto terminó en el agua tras caer a la altura del Club de Yates sobre el bulevar Ávila Camacho. Testigos captaron el momento en que uno de los tripulantes logró salir nadando.,otro,media,nahum,real
"Personas desconocidas, de mal corazón y cero amor por los animalitos fueron a tirar en una caja a un perrito sin vida, en la esquina de Alcocer donde está la secundaria 69.",otro,baja,nahum,real
Fuerte explosión en el fraccionamiento Palma Real en Veracruz moviliza a cuerpos de emergencia la tarde de este miércoles.Se recomienda a la población evitar el área y mantenerse informada a través de canales oficiales.,incendio,media,nahum,real
"Buenos días para reportar un poste de comisión federal de electricidad aquí en la Calle 6 entre Xalapa y Orizaba, de la colonia Primero de Mayo, está en muy malas condiciones, seven todas las barrillas, con el norte que pasó empeoró y y ahora con el que se viene es un peligro para todos.",caida_poste_cable,media,nahum,real
"Se registra un fuerte accidente sobre la carretera Veracruz–Xalapa, a la altura de Nuevo Veracruz, justo afuera de AutoZone y en la entrada hacia Las Amapolas, situación que está provocando un infernal caos vehicular en la zona.",persona_en_riesgo,media,nahum,real
"Cables de media tensión quemándose y provocando incendio en unos árboles en calles del fraccionamiento Vistamar… habitantes solicitan ayuda urgente de bomberos, Protección Civil y Comisión Federal de Electricidad.",caida_poste_cable,media,nahum,real
"Las inundaciones dejaron a decenas de personas atrapadas en los techos de sus casas, esperando ser rescatadas. El nivel del agua sigue subiendo y las autoridades piden apoyo urgente con lanchas y vehículos altos.",inundacion,alta,nahum,real
"Se registró un fuerte accidente sobre la carretera México–Veracruz, a la altura de Texcoco, donde un vehículo se volcó. De acuerdo con los primeros reportes, la circulación se encuentra cargada, por lo que se exhorta a los automovilistas a extremar precauciones, reducir la velocidad y buscar vías alternas.",otro,media,nahum,real
"Un incendio registrado en las instalaciones de la Escuela Náutica de Veracruz provocó una intensa movilización de cuerpos de emergencia y elementos de la Marina. Bomberos y rescatistas trabajaron de inmediato para controlar el fuego y salvaguardar a estudiantes y personal, mientras autoridades evalúan las causas del siniestro.",incendio,media,nahum,real
"Reportan balacer4, al menos 5 personas bale4das en la comunidad de Montegordo del municipio de Tecolutla, Veracruz.",persona_en_riesgo,alta,nahum,real
Se incendia un departamento en Lomas de Río Medio Cuatro; vecinos están tratando de sofocar el siniestro en lo que llegan bomberos.,incendio,media,nahum,real
"Quema de llantas habría provocado el gran incendio en la colonia Ricardo Flores Magón en Boca del Río, el siniestro ya se avista en distintos puntos del municipio. Tome sus precauciones.",incendio,media,nahum,real
"Un incendio consumió un yate la tarde de este sábado en la zona de El Estero, en el municipio de Alvarado, Veracruz... de acuerdo con el reporte de personas que navegaban cerca, escucharon un fuerte estruendo y, minutos después, observaron cómo la embarcación comenzaba a incendiarse rápidamente",incendio,media,nahum,real
Buen día Veracruz en alerta espero puedan apoyarnos. Llevamos más de 48 horas sin luz sin respuesta en la colonia Cabo Verde. Tenemos una camioneta aquí detenida hasta que tengamos respuesta de CFE Nacional  ya que el reporte que tenemos de plano no nos hacen caso espero puedan apoyarnos. La dirección del cierre es carretera estatal Veracruz-Manlio Fanio Altamirano frente al rancho Las Maravillas.,otro,media,nahum,real
"Se registra un fuerte incendio en un terreno ubicado en la colonia Ampliación Las Bajadas. En lo que arriban bomberos, ciudadanos están tratando de sofocarlo con cubetas llenas de agua y hasta con tierra para evitar llegue a sus viviendas.",incendio,media,nahum,real
"Siguen llegando a nuestro inbox los reportes del incendio en Nuevo Veracruz, presuntamente por quema de llantas. Grandes columnas de humo se observan en la zona, circule con precaución.",incendio,media,nahum,real
"Se realiza un fuerte operativo en zona Norte en Veracruz Elementos de la Policía Ministerial , Guardia Nacional y policía estatal Causa molestia entre los vecinos y la gente que visita el centro comercial, ya que desconocen el motivo O por  razón  puede suceder y tienen miedo de que ocurra un intercambio de tiros  de alguna  gresion a ciudadanos",otro,media,nahum,real
Automovilistas y ciudadanos de las cercanías alertan que el fuego se ha extendido impidiendo el paso a los vehículos que circulan por JB Lobos,incendio,media,nahum,real
"Se incendia vehículo compacto a un costado de la Plaza del Mar, cerca del bulevar Fidel Velázquez. Ya se movilizan cuerpos de rescate y auxilio.",incendio,media,nahum,real
"Les llueve también dentro de plaza Las Palmas, ubicada en la colonia Cristóbal Colón...personal de mantenimiento hace todo lo posible por sacar el agua y evitar llegue a los negocios.",inundacion,media,nahum,real
"Nos reportan un incendio en las inmediaciones de Nuevo Veracruz, al parecer se trata de una quema de basura. Vecinos piden ayuda de los Bomberos.",incendio,media,nahum,real
"Fuerte incendio acá en Lomas del Ángel pegado a la Reserva 4, para que manden a los bomberos, es pura basura lo que se está quemando y el humo, mucha precaución.",incendio,media,nahum,real
"En este momento se quema una casa en la colonia Casas Fantasma, al norte de la ciudad de Veracruz. Vecinos y afectados solicitan ayuda urgente de los bomberos y Protección Civil. El siniestro se da en la calle Laguna y Del Golfo, en la colonia mencionada ubicada a un costado de El Renacimiento.",incendio,media,nahum,real
"Hola buenas tardes, los molesto en varios andadores del infonavit Las Vegas 1 tenemos los drenajes en mal estado,  se sale el agua sucia,  tenemos niños y ancianos, esto es un foco de infección. Nadie viene a resolver este problema.",otro,media,nahum,real
"Hay un cortocircuito en esos cables de luz, esta en cerrada seminario, atrás del fraccionamiento La Querencia, como para ir hacia valle alto y torrentes aeropuerto. Ya hicimos los reportes pero no llega nadie.",caida_poste_cable,media,nahum,real
"Una mujer encaró y retuvo a un hombre, a quien señala de acosar y agredir a su hija menor de edad",otro,media,nahum,real
"Las fuertes lluvias registradas en las últimas horas en Poza Rica, Veracruz,  han provocado el desbordamiento del río Cazones, dejando calles y viviendas bajo el agua en zonas como Las Granjas.",inundacion,media,nahum,real
"¡ALERTA MÁXIMA EN POZA RICA, VERACRUZ! El Río Cazones se desborda en minutos Inundaciones severas afectan gran parte de la ciudad. Central Camionera Estrella Blanca y ADO, Avenida Puebla... totalmente bajo el agua. Personas atrapadas, caos en las calles y daños materiales graves.",persona_en_riesgo,alta,nahum,real
"Se registra el incendio de una vivienda en la calle Artesanos, entre Donato Casas y Josefa Ortiz de Domínguez, en la colonia Villa Rica, en Boca del Río. Vecinos y elementos de la Policía ya se encuentran en el lugar intentando sofocar las llamas, mientras se espera el arribo de los cuerpos de Bomberos. Se recomienda evitar la zona y permitir el paso de las unidades de auxilio.",incendio,media,nahum,real
"Incendio de una camioneta particular en la carretera Paso del Toro-Alvarado, sobre la conocida curva de Salinas. El vehículo se encuentra en llamas a la orilla de la carpeta asfáltica, generando una densa columna de humo. Elementos de bomberos ya se dirigen hacia el punto para sofocar el siniestro. Se exhorta a la población a manejar con precaución y moderar la velocidad al circular por esta zona.",incendio,media,nahum,real
"Otra vez se descompuso el semáforo de Graciano Sánchez y Ejército Mexicano. No tarda en que pase otro accidente, siempre lo mismo en Boca del Río.",otro,media,nahum,real
CRECE EL CLAMOR CIUDADANO EN VERACRUZ POR FALTA DE APOYO TRAS INUNDACIONES Sigue aumentando el reclamo de habitantes de Veracruz ante la falta de atención por las graves afectaciones que dejaron las inundaciones recientes.,inundacion,media,nahum,real
"un incendio en las bodegas que están por Santa Rita, en la carretera federal por la Nestlé.",incendio,media,nahum,real
"En este momento de registra un voraz incendio de pastizal en los límites de los fraccionamientos Puente Moreno y Arboledas San Ramón, en el municipio de Medellin De Bravo. Solicitan urgente la presencia de Bomberos y Protección Civil local. Vecinos tienen miedo que el fuego alcance sus casas.",incendio,media,nahum,real
"Esta tarde se reportan presuntas denotaciones de armas de fuego en las instalaciones de Plaza Américas, en Boca Del Río, Veracruz. Al punto arriban cuerpos de emergencia y policiacos.",otro,alta,nahum,real
"Un fuerte incendio, presuntamente originado tras una explosión, se registró en un departamento ubicado en el clúster Palma de Abanico, dentro de un conjunto habitacional en el puerto de Veracruz, dejando un saldo de al menos seis personas L3S10N4D4S, entre ellas varios menores de edad.",persona_en_riesgo,alta,nahum,real
vecinos de la Colonia Centro informan que nuevamente personas en situación de calle provocaron este incendio en esta propiedad abandonada es avenida González esquina Alacio Pérez de la Colonia Centro en la ciudad de Veracruz.,incendio,media,nahum,real
Polvadera en la esquina de avenida Miguel Alemán y Simón Bolívar por costales de cemento tirados en medio de la calle. Vecinos y automovilistas piden ayuda de las autoridades para despejar la zona. Tome sus precauciones.,otro,media,nahum,real
"Vecinos de Tejería reportan que hoy por la mañana un poste de luz en la avnida Úrsulo Galván registró un cortocircuito y comenzó a prenderse en fuego, generando alarma en la zona. Ante esta situación, los habitantes temen quedarse sin el suministro de energía eléctrica, además del grave riesgo que el desperfecto representa para los transeúntes y las viviendas cercanas. Los colonos hacen un llamado urgente a la Comisión Federal de Electricidad (CFE) para que acuda a atender el reporte de manera prioritaria antes de que ocurra un daño mayor en el sector.",caida_poste_cable,media,nahum,real
"Vecinos  de Río Medio nos reportaron otro caso de robo de llantas en varios vehículos, ahora en el andador Río Conchos. Hoy por la mañana los habitantes notaron que sus automóviles quedaron desvalijados sobre blocks. Al revisar las cámaras de seguridad, notaron que tres hombres cometieron el robo y huyeron a bordo un vehículo rojo, alrededor de las 3:45 de la madrugada. Alertan a la ciudadanía de la zona norte de la ciudad de Veracruz para cuidar sus vehículos de los amantes de lo ajeno.",otro,baja,nahum,real
"Esta tarde se suscitó un fuerte accidente en el municipio de Alvarado, esto luego de que un automóvil perdiera el control y se estampara contra el muro de un punte, afortunadamente el automóvil no callo al río, pues con el impacto y lo macizo del muro rebotó para quedar desbaratado sobre la carpeta asfáltica. En el accidente un masculino salió severamente lesionado y dos más con golpes en tórax y en la cabeza, trasladados inmediatamente al hospital general de la ciudad y puerto de Veracruz.",persona_en_riesgo,alta,nahum,real
La Secretaría de Protección Civil de Veracruz hizo un llamado a la población para seguir los avisos y pronósticos oficiales y reportar cualquier situación de emergencia al 911,otro,baja,nahum,real
Se Registra un fuerte incendio en la reserva 3 Se solicita a bomberos para sofocar,incendio,media,nahum,real
"Hola, somos vecinos de la Riviera Veracruzana y queremos exponer  que de la Plaza Veleros ubicada en la carretera Boca del Rio- Antón Lizardo, arrojan las aguas negras a la calle y ya se imaginarán los fuertes olores fétido, además de la severa contaminación. Además de dar mal aspecto, afectan a diversos negocios de la zona.",otro,baja,nahum,real
"Hola buenos días Veracruz En Alerta, quiero reportar un hecho noticia. En el hospital de especialidades UMAE 14 Cuauhtémoc está inundado el área de archivo, mi expediente no me lo quieren entregar lo más probable está todo",otro,baja,nahum,real
"Buenas noches, acabo de pasar por la calle Leonardo pasquel, se estaba incendiando un poste de luz y sacando chispas y ya estaba pasando a los demás postes, no había gente cerca, pasó el reporte para que ojalá se pueda evitar un accidente",caida_poste_cable,media,nahum,real
Ciudadano de Veracruz fue agredido con un arma de fuego en un asalto,persona_en_riesgo,alta,nahum,real
"Reportan explosión de un ducto de Pemex, ubicado cerca de la comunidad de El Aguacate, perteneciente al municipio de Papantla, pero se ha confirmado que se trata del incendio de una granja de pollos. Cuerpos de bomberos y policíacas van al punto, se presume que halla personas lesionadas, más tarde se confirmará si hay fallecidos.",incendio,media,nahum,real
Varios lesionados por volcadura de camión de la ruta costera en bulevar Fidel Velázquez; un motociclista también fue alcanzado por la unidad,persona_en_riesgo,alta,nahum,real
"Ejecut4n a dos personas dentro de un taller de motos en el municipio de Cerro Azul, Veracruz",persona_en_riesgo,alta,nahum,real
"Tengan cuidado vecinos con estos dos ladrones, esto fue en una tienda en Hacienda El Cortijo de Tejería en ciudad de Veracruz, andan en moto, fue hoy alrededor de la 1 de la tarde.",otro,baja,nahum,real
"eligro latente en Alcocer y Lucio Gallardo Pavón, de la colonia Ortíz Rubio, pues se cayó una acometida y otros cables, los carros pasa sobre el. Esperan que las autoridades lleguen pronto a dar solución.",caida_poste_cable,media,nahum,real
Hombre de la tercera edad es atropellado sobre la avenida Ejército Mexicano,persona_en_riesgo,alta,nahum,real
Con lesiones graves resultaron dos empleados aduanales que fueron atropellados por un vehiculo militar en el centro de veracruz.,persona_en_riesgo,alta,nahum,real
Hallan sin vida a mujer dentro de una habitación del motel L'Scala; autoridades realizan las diligencias.,persona_en_riesgo,alta,nahum,real
"Emergencia en el Rodrigo Turbay por deslizamiento, una vivienda en riesgo de colapso.Una familia tuvo que salir de su vivienda ante el riesgo de colapso de la estructura, las lluvias de las últimas horas provocaron un deslizamiento que dejó en grave riesgo las bases de la casa.",deslave,alta,nahum,real
"Taxi varado por inundación en la entrada a Infonavit Las Vegas, en Veracruz",otro,baja,nahum,real
"Buenos días, favor que sea anónimo Quisiera reportar esta botadera de agua en esta casa de esquina  lleva casi 1 hora botando agua directamente en la pasada de personas y de vehículos en el callejón de la farmacia Regis… y nos dice que es agua potable ya que no genera ni espuma y que es algo repetitivo",otro,baja,nahum,real
"Siguen los incendios, al parecer provocados, habitantes de los fraccionamiento Lomas de Río Medio III, nos comparten este siniestro que los mantiene con preocupación, se encuentran a la espera de la llegada de los cuerpos de emergencias.",incendio,media,nahum,real
"Elementos de Guardia Nacional le solicitaron a los manifestantes, paso ya que viene una persona en una ambulancia en estado grave. Los manifestantes se negaban, decían que avanzara sin embargo, pues a lo largo de después de varios minutos de dialogar, decidieron abrir unos momentos un solo carril para que pasara la ambulancia.",otro,baja,nahum,real
"Se desploma avioneta que trasladaba ayuda a Poza Rica Se registró la caída de una avioneta que transportaba ayuda humanitaria hacia el municipio de Poza Rica, Veracruz, zona severamente afectada por las inundaciones.",otro,alta,nahum,real
"TRÁILER IMPACTA 2 VEHÍCULOS EN VERACRUZ Carretera Federal 140 (altura Rinconada, Emiliano Zapata)  DATOS CONFIRMADOS:  • Varios lesionados reportados (equipos de emergencia en camino).  • Tráiler involucrado → Grave accidente en zona federal.",persona_en_riesgo,alta,nahum,real
"Vecinos del Infonavit Las Brisas reportan un registro sin tapa en el cruce de las calles Víctor Sánchez Tapia y Guillermo Héctor Rodríguez, lo que representa un riesgo para automovilistas, motociclistas y peatones. Refieren que, con las lluvias la calle podría inundarse y el registro quedar oculto, aumentando el peligro de que ocurra un accidente.",otro,media,nahum,real
"Un fuerte incendio acabó con una vivienda ubicada en el Barrio de Guadalupe, en Las Vigas de Ramírez esta madrugada. Bomberos acudieron de inmediato, siendo controlada la situación tras varios minutos de maniobras. Dos personas resultaron le$ionadas y tuvieron que ser llevadas a un hospital cercano.",persona_en_riesgo,alta,nahum,real
"Disculpe. En bulevar Guerrero, de calle Veracruz para arriba, en la mera vuelta, se está tirando muchísima agua, que sale de un registro de un lote baldío. Si pudiera reportarlo. Lástima de agua que se está tirando",otro,baja,nahum,real
Reporte  Accidente de moto en la autopista Veracruz -cardel ala altura del puente de divertiplaza,otro,media,nahum,real
Solicitamos ayuda aquí en Lafragua y Horacio Díaz Correa de la colonia Zaragoza debido a que hay cables caídos y no demora en haber un accidente. Ojalá atiendan esto rápido porque los carros y las motos siguen pasando.,caida_poste_cable,media,nahum,real
"Esta noche se registró el incendio de una vivienda ubicada detrás de las tiendas 3B en Naranjos, Veracruz. Elementos del cuerpo de bomberos de Pemex ya se encuentran en el lugar realizando las labores para sofocar las llamas y evitar que el fuego se propague.",incendio,media,nahum,real
"Afectaciónes sobre la carretera Veracruz -Xalapa via libre a la altura de Tolome, un árbol cayó por las fuertes lluvias de la madrugada, PRECAUCIÓN quienes transitan por esta carretera",otro,media,nahum,real
"Debajo del puente, en el estero, se cayeron los cables de energía eléctrica de alta tensión. Los cables quedaron dentro del río, lo que representa un riesgo para la población y para quienes transitan por la zona. Se solicita la atención urgente de las autoridades correspondientes y de la comisión de electricidad para evitar un accidente mayor.",caida_poste_cable,media,nahum,real
"La mañana de este día se registró un accidente sobre la carretera Misantla–El Diamante, donde un automóvil terminó fuera de la cinta asfáltica tras salirse del camino.",otro,media,nahum,real
Motociclista sufre accidente sobre el puente Bicentenario de Ejército Mexicano con dirección a La Boticaria. Circule con precaución.,persona_en_riesgo,media,nahum,real
"En el callejón Privada Águilas del Fraccionamiento Gaviotas de PozaRica; se reporta que fue hallada una persona sin vid4 entre el agua y los escombros, autoridades policíacas se trasladan al sitio.",persona_en_riesgo,alta,nahum,real
"Las playas de Antón Lizardo, en Alvarado en estos momentos se encuentra llenas de chapopote, ya dimos aviso a las autoridades porque es mucho lo que está llegando.",otro,baja,nahum,real
"Vecinos de la colonia Revolución reportan que una camioneta Mitsubishi color negro, presuntamente atropelló a un gatito en la calle Centenario de Juárez, dejándolo gravemente lesionado. La dueña del animalito pide que la conductora del vehículo se haga responsable de los gastos veterinarios, ya que el gato no puede caminar tras el impacto y requiere curaciones de inmediato. La dueña solicita empatía y apoyo para que el caso no quede sin atender, así como mayor precaución al conducir por la zona.",otro,baja,nahum,real
"Un seguidor de Veracuz en Alerta nos reporta que desconocidos provocaron un incendio al quemar basura en el camellón de avenida Díaz Mirón, mismo que se estaba saliendo de control. Un conductor de autobuses Ulúa se detuvo para intentar controlar el fuego con un extintor.",incendio,media,nahum,real
"Las intensas lluvias en Poza Rica provocaron el desbordamiento del río Cazones, dejando calles, autos y viviendas completamente inundadas. La zona de Las Granjas es una de las más afectadas, donde familias enteras tuvieron que ser evacuadas de emergencia.",inundacion,alta,nahum,real
"Usuarios que transitan sobre Ejército Mexicano nos reportan un accidente vehicular bajando el Puente de la Boticaria, dirección norte–sur, entre un camión de pasaje y una camioneta Ford color gris. Se recomienda circular con precaución y, de ser posible, tomar rutas alternas.",otro,media,nahum,real
"El conductor de una camioneta Toyota, con logotipos de CABoca - Paloma y Rey- Supervisión y Seguridad, chocó esta noche contra un automóvil estacionado en la calle Juárez esquina Tláloc, de la colonia Netzahualcóyotl. El hombre viajaba con una joven, ambos presuntamente en  estado de ebriedad.",otro,media,nahum,real
"Se acaba de registrar un choque y volcadura en avenida Quevedo, frente al Tecnológico de Veracruz.",otro,media,nahum,real
"Explota pipa sobre la carretera federal México–Veracruz, a la altura del municipio de Hueyotlipan: Cierran carriles hacia Calpulalpan",incendio,media,nahum,real
"Se acaba de registrar el choque y volcadura de una camioneta tipo Van luego de ser embestida por un autobús de pasaje. El percance que hasta este momento se sabe ha dejado unos 4 heridos se suscitó en Ruiz Cortines casi con la intersección de Barco Viejo, frente al hotel Mocambo y la antigua agencia Seat, en BocaDelRio.",persona_en_riesgo,alta,nahum,real
"Un aparatoso accidente entre dos camiones del transporte público dejó 14 personas lesionadas, entre ellas un menor de edad, la tarde de este jueves en la colonia Ignacio Zaragoza. El percance ocurrió en el cruce de las avenidas Simón Bolívar y Flores Magón, donde colisionaron una unidad de la Ruta 6 y un camión de la línea Ulúa, lo que movilizó a cuerpos de emergencia y corporaciones de seguridad.",persona_en_riesgo,alta,nahum,real
"Hacemos un llamado respetuoso a Grupo MAS, al Ayuntamiento de Veracruz y a las autoridades de Salud** para que atiendan esta situación de manera inmediata, realicen el saneamiento correspondiente y eviten riesgos para la población.",otro,baja,nahum,real
Situación de emergencia en Boca del Río Un joven fue visto balanceándose al borde de un edificio de 10 pisos en la avenida Miguel Alemán. La zona fue cerrada y cuerpos de emergencia ya intervienen para evitar una tragedia.,persona_en_riesgo,alta,nahum,real
"Seguidores nos informan que el hombre que aparece en el video tiene rato caminando de manera inusual presuntamente por algún padecimiento mental. Automovilistas y peatones alertan que de manera repentina invade los carriles de circulación con riesgo de ser atropellado. Además que policías ya han acudido para auxiliarlo, pero este sale corriendo. Última ubicación por la zona de la avenida Salvador Díaz Mirón y Leopoldo Kiel de la colonia Del Maestro, referencia: entre Chedraui plaza Crystal y la clínica 71 del Imss de Díaz Mirón",otro,media,nahum,real
"Precaución en el puente de La Puentecilla Habitantes reportan esta tarde el deterioro del puente conocido como Puentecilla, que comunica la localidad de Dos Ríos con Santa Ana. Automovilistas, motociclistas y moto taxistas señalan que la estructura presenta daños, lo que representa un riesgo para quienes transitan por la zona. Ya que está desbordado el río",dano_estructural,media,nahum,real
"Habitantes del municipio de Alvarado solicitan ayuda del gobierno, pues señalan que desde el sábado no tienen energía eléctrica y en algunos casos servicio de agua potable. Mantienen bloqueada la circulación en el puente de Alvarado, cerca de la caseta.",otro,baja,nahum,real
"Un fuerte incendio en un terreno baldío ubicado en la esquina de las calles Cuatro y Ocho, del fraccionamiento Dorado Real se está registrando en este momento. Los ciudadanos mencionan ya realizaron las llamadas al 911 para solicitar la presencia de rescatistas. Temen alcance un trailer estacionado a un par de metros.",incendio,media,nahum,real
"SE REGISTRA CARAMBOLA EN EL LIBRAMIENTO SUR; REPORTAN PERSONAS ATRAPADAS Accidente la mañana de este jueves sobre el Libramiento Sur, altura del puente de la llantera Jaramillo (dirección hacia la 5 y 10) Participación preliminar de al menos 20 vehículos Lesionados y atrapados: 54 personas siendo valoradas por cuerpos de rescate Al menos 8 personas podrían permanecer atrapadas en los vehículos",persona_en_riesgo,alta,nahum,real
"Se registra fuerte incendio en casa habitación Vecinos reportan un incendio en un domicilio ubicado en Agustín Yáñez 3507, colonia Cultural. Elementos de emergencia ya se encuentran en el lugar. Se recomienda tomar precauciones si circula por la zona.",incendio,media,nahum,real
"CORRETIZA A PRESUNTO LADRÓN EN CIUDAD INDUSTRIAL; POLICÍA ESTATAL HABRÍA TERMINADO HERIDO Tremenda movilización causó un hombre en presunta situación de calle quién fue sorprendido por policías estatales dentro de la red de alcantarillado ubicado en la carretera federal Veracruz Xalapa, en Tejería.",otro,media,nahum,real
"Tras 11 días sin luz, vecinos de la colonia Centro, en la calle Sur 3, mantienen retenidos en estos momentos a trabajadores de la CFE para exigir que les restablezcan el servicio eléctrico",otro,media,nahum,real
"Hace unos momentos, a través de grupos de WhatsApp, se reporto de un joven motociclista presuntamente atropellado sobre la avenida Libertad, a la altura del antiguo rastro.",persona_en_riesgo,alta,nahum,real
Dos chicas.. fueron drogada dentro de la preparatoria francisco j mujica de huastaco ...,otro,media,nahum,real
Accidente subiendo el Zarco en la curva de las fresas con. Crema con cuidado ya empieza el tráfico.,otro,media,nahum,real
Por falta de energía eléctrica no están funcionando los semáforos a la altura de Plaza Las Américas y hay tremendo tráfico...¡está de locuraaa!. Tomen sus precauciones y vias alternas.,otro,media,nahum,real
"Mediante las redes sociales trasciende que esta noche fue ejecut4do un hombre en la colonia Aguilera de Cerro Azul, Veracruz.",persona_en_riesgo,alta,nahum,real
"La tarde de este lunes 8 de septiembre, elementos de la Policía Municipal y Estatal de Xalapa atendieron un reporte ciudadano sobre una mujer en situación de crisis emocional en el puente Xallitic. Tras dialogar con ella, los uniformados lograron tranquilizarla y evitar que pusiera en riesgo su seguridad. La intervención se realizó sin incidentes mayores.",persona_en_riesgo,alta,nahum,real
"Madrugada violenta en Acultzingo, Veracruz. Un ataque armado fue reportado sobre la carretera federal Orizaba–Tehuacán, a la altura del puente Acultzingo ll, donde un vehículo terminó rafagueado en plena vía de comunicación. Hasta el momento se desconoce la identidad de los ocupantes, así como si hubo personas fallecidas o lesionadas tras la agresión.",otro,alta,nahum,real
Logran salvar ojo a hombre herido en Soriana Floresta Una riña entre dos automovilistas terminó con un lesionado por arma blanca en Veracruz. Según testigos todo inició cuando el conductor de un automóvil le ganó el estacionamiento a otro que estaba buscando lugar,persona_en_riesgo,media,nahum,real
"llueve esta noche en la zona norte de la ciudad de Veracruz, manejen con precaución",otro,baja,nahum,real
"Vecinos reportan que sobre el bulevar Miguel Alemán, a la altura de El Morro en Boca del Río, varias zonas permanecen sin alumbrado público esta noche, generando poca visibilidad y riesgo para peatones y automovilistas.  Se solicita la pronta atención de las autoridades correspondientes para restablecer la iluminación y prevenir accidentes.",otro,media,nahum,real
VOLCADURA DE CAMIÓN URBANO DEJA VARIOS LESIONAD0S EN VERACRUZ; CONDUCTOR BAJO INVESTIGACIÓN,persona_en_riesgo,alta,nahum,real
"Se registra un accidente en el Metropolitano a la altura de la estación Carnaval y Moreyra. Se recomienda tomar precauciones si se dirige por el sector, ya que podría presentarse congestión en los alrededores mientras se atiende la emergencia.",otro,media,nahum,real
"Fuertes escenas se registraron durante una balacera en Orizaba Veracruz Al rededor de las 5 de la tarde de este lunes, se registró una intensa balacera a la altura de la Oriente 4 y Sur 15 en la ciudad de Orizaba. Ciudadanos que circulaban por la zona y comerciantes se resguardaron y bajaron cortinas de negocios, alumnos de escuelas cercanas también se alertaron y corrieron a resguardarse.",otro,alta,nahum,real
"Un automóvil en el que viajaba una familia con menores de edad terminó en posición vertical, muy cerca de un puente, luego de ser impactado por un tractocamión de doble remolque sobre la autopista 150D Veracruz–Puebla, en Ciudad Mendoza.",otro,media,nahum,real
"TomePrecauciones en Veracruz continua cierre intermitente de circulación por AccidenteVial cerca del Km. 126+300, de la carretera Paso del Toro-Acayucan, a la altura del Mpio. Santiago Tuxtla. Atienda indicación vial.",otro,baja,nahum,real
"Un accidente automovilístico entre un camión de transporte urbano y un tráiler dejó un saldo de al menos una persona fallecida y más de 30 heridas, además de que las víctimas del accidente han tenido que bloquear la carretera ante la falta de atención médica.",persona_en_riesgo,alta,nahum,real
volcadura e incendio de tractocamión tipo pipa en la autopista Perote - Xalapa a la altura de El Fresno (km 138-139aprox) dirección Xalapa Vialidad cerrada,incendio,media,nahum,real
"Accidente en Veracruz deja 20 heridos; autobús choca contra tráiler de ayuda humanitaria El accidente ocurrió frente a la Cruz Roja en el fraccionamiento Moderno, y varios pasajeros quedaron atrapados.",persona_en_riesgo,alta,nahum,real
"Accidente de autobús turístico deja 3 muertos y 26 heridos en Veracruz Los hechos ocurrieron la madrugada de hoy sobre la autopista La Tinaja - Cosoleacaque,  a la altura del entronque La Tinaja, en el municipio de Tlalixcoyan",persona_en_riesgo,alta,nahum,real
Accidente de autobús en Veracruz revive alertas por seguridad vial Accidente de autobús en Veracruz deja estudiantes heridos y reabre el debate sobre la regulación del transporte público en carreteras del estado.,persona_en_riesgo,alta,nahum,real
"A raíz de la fuerza del golpe, la cabina se prendió en llamas y testigos informaron que dos personas quedaron atrapadas en su interior, perdiendo la vida de manera casi inmediata, mientras que una mas quedó tirada en la carretera y una incrustada entre las barreras del camino",persona_en_riesgo,alta,nahum,real
"Alerta. Tragedia familiar en carretera de Veracruz; padre muere y sus dos hijas resultan heridas El conductor perdió la vida en el impacto contra un camión de carga, mientras su esposa y sus dos hijas fueron rescatadas con lesiones graves tras quedar prensadas.",persona_en_riesgo,alta,nahum,real
"Cierran autopista Puebla-Veracruz, en Cumbres de Maltrata, tras accidentes vialesLos percances ocurrieron a la altura del primero y segundo túnel en dirección a Veracruz.",otro,media,nahum,real
"Accidente de autobús en Veracruz deja 20 heridos; no se reportan fallecidos Los hechos ocurrieron sobre la carretera a Xico Viejo, cuando el transporte se salió de la carretera",persona_en_riesgo,alta,nahum,real
